,precision,recall,f1-score,support
Closed,0.9262295081967213,0.9186991869918699,0.9224489795918367,123.0
Open,0.9140625,0.9285714285714286,0.9212598425196851,126.0
no_yawn,0.925,0.9327731092436975,0.9288702928870293,119.0
yawn,0.9435483870967742,0.9285714285714286,0.936,126.0
accuracy,0.9271255060728745,0.9271255060728745,0.9271255060728745,0.9271255060728745
macro avg,0.9272100988233738,0.9271537883446062,0.9271447787496377,494.0
weighted avg,0.9272473710169844,0.9271255060728745,0.927148845143386,494.0
